Workbook

Sheet Ablation Summary
A1: 微生物疾病关联预测：正式消融实验汇总 | L1: 关键结果
A2: CVS1 · 5-fold × 10 repeats · seed=2025 · 两个数据集使用各自最终参数
L3: 指标 | M3: HMDAD | N3: Disbiome | O3: 说明
A4: Dataset | B4: Model | C4: AUC | D4: AUPR | E4: Accuracy | F4: Recall | G4: Precision | H4: F1 | I4: ΔAUC vs Full | J4: ΔAUPR vs Full | L4: Full AUC | M4: 0.90275802 | N4: 0.86976019 | O4: Full 为两个数据集最高 AUC
A5: HMDAD | B5: Full | C5: 0.90275802 | D5: 0.9067702 | E5: 0.82244444 | F5: 0.81022222 | G5: 0.83232922 | H5: 0.82022319 | I5: 0 | J5: 0 | L5: MDMF ΔAUC | M5: =$C$5-$C$6 -> 0.019819753 | N5: =$C$9-$C$10 -> 0.0047222005 | O5: Full − w/o MDMF
A6: HMDAD | B6: w/o MDMF | C6: 0.88293827 | D6: 0.88774426 | E6: 0.82511111 | F6: 0.79777778 | G6: 0.84658572 | H6: 0.82012585 | I6: =$C$5-C6 -> 0.019819753 | J6: =$D$5-D6 -> 0.019025933 | L6: CNN ΔAUC | M6: =$C$5-$C$7 -> 0.001054321 | N6: =$C$9-$C$11 -> 0.00066130875 | O6: Full − w/o CNN
A7: HMDAD | B7: w/o CNN | C7: 0.9017037 | D7: 0.90745708 | E7: 0.82411111 | F7: 0.80866667 | G7: 0.83627051 | H7: 0.82134959 | I7: =$C$5-C7 -> 0.001054321 | J7: =$D$5-D7 -> -0.00068688295 | L7: BiScaleGCN ΔAUC | M7: =$C$5-$C$8 -> 0.02287037 | N7: =$C$9-$C$12 -> 0.0037889248 | O7: Full − GCN
A8: HMDAD | B8: GCN | C8: 0.87988765 | D8: 0.88113179 | E8: 0.77955556 | F8: 0.65288889 | G8: 0.87661697 | H8: 0.7458731 | I8: =$C$5-C8 -> 0.02287037 | J8: =$D$5-D8 -> 0.025638405 | L8: 结论 | M8: MDMF / BiScaleGCN贡献强；CNN贡献较小 | N8: Full在AUC/AUPR上均高于三个消融版本 | O8: 用于论文消融分析
A9: Disbiome | B9: Full | C9: 0.86976019 | D9: 0.86889604 | E9: 0.78417631 | F9: 0.73762369 | G9: 0.81414405 | H9: 0.77331684 | I9: 0 | J9: 0
A10: Disbiome | B10: w/o MDMF | C10: 0.86503799 | D10: 0.86046499 | E10: 0.78725571 | F10: 0.7690846 | G10: 0.79953883 | H10: 0.78269952 | I10: =$C$9-C10 -> 0.0047222005 | J10: =$D$9-D10 -> 0.0084310586
A11: Disbiome | B11: w/o CNN | C11: 0.86909888 | D11: 0.86822473 | E11: 0.78692246 | F11: 0.75710968 | G11: 0.80578505 | H11: 0.78017162 | I11: =$C$9-C11 -> 0.00066130875 | J11: =$D$9-D11 -> 0.00067131312
A12: Disbiome | B12: GCN | C12: 0.86597127 | D12: 0.86508668 | E12: 0.77710944 | F12: 0.71645584 | G12: 0.81590849 | H12: 0.76249388 | I12: =$C$9-C12 -> 0.0037889248 | J12: =$D$9-D12 -> 0.0038093657

Sheet Module Effects
A1: 模块贡献汇总（正值表示 Full 优于对应消融模型）
A3: Module | B3: Ablated Variant | C3: HMDAD ΔAUC | D3: HMDAD ΔAUPR | E3: Disbiome ΔAUC | F3: Disbiome ΔAUPR | G3: Interpretation
A4: MDMF | B4: w/o MDMF | C4: ='Ablation Summary'!$C$5-'Ablation Summary'!$C$6 -> 0.019819753 | D4: ='Ablation Summary'!$D$5-'Ablation Summary'!$D$6 -> 0.019025933 | E4: ='Ablation Summary'!$C$9-'Ablation Summary'!$C$10 -> 0.0047222005 | F4: ='Ablation Summary'!$D$9-'Ablation Summary'!$D$10 -> 0.0084310586 | G4: Strong positive contribution on both datasets
A5: Feature Convolution (CNN) | B5: w/o CNN | C5: ='Ablation Summary'!$C$5-'Ablation Summary'!$C$7 -> 0.001054321 | D5: ='Ablation Summary'!$D$5-'Ablation Summary'!$D$7 -> -0.00068688295 | E5: ='Ablation Summary'!$C$9-'Ablation Summary'!$C$11 -> 0.00066130875 | F5: ='Ablation Summary'!$D$9-'Ablation Summary'!$D$11 -> 0.00067131312 | G5: Modest contribution; HMDAD AUPR is slightly higher without CNN
A6: BiScaleGCN | B6: GCN (vanilla replacement) | C6: ='Ablation Summary'!$C$5-'Ablation Summary'!$C$8 -> 0.02287037 | D6: ='Ablation Summary'!$D$5-'Ablation Summary'!$D$8 -> 0.025638405 | E6: ='Ablation Summary'!$C$9-'Ablation Summary'!$C$12 -> 0.0037889248 | F6: ='Ablation Summary'!$D$9-'Ablation Summary'!$D$12 -> 0.0038093657 | G6: Strong positive contribution, especially on HMDAD

Sheet Parameters
A1: 最终实验参数（数据集专属）
A3: Parameter | B3: HMDAD | C3: Disbiome | D3: Notes
A4: CVS | B4: CVS1 | C4: CVS1 | D4: 正式消融协议
A5: folds | B5: 5 | C5: 5 | D5: 统一
A6: repeats | B6: 10 | C6: 10 | D6: 统一
A7: seed | B7: 2025 | C7: 2025 | D7: 统一
A8: epochs | B8: 300 | C8: 100 | D8: 数据集专属
A9: lr | B9: 0.00025 | C9: 0.00025
A10: weight_decay | B10: 5e-05 | C10: 5e-05
A11: feature_out | B11: 256 | C11: 256
A12: hidden_size | B12: 128 | C12: 256 | D12: 数据集专属
A13: num_layers | B13: 2 | C13: 2
A14: dropout | B14: 0.5 | C14: 0.1 | D14: 数据集专属
A15: drop_rate | B15: 0.1 | C15: 0.3 | D15: 数据集专属
A16: sim_threshold | B16: 0.2 | C16: 0.1 | D16: 数据集专属
A17: negative_multiplier | B17: 1 | C17: 1
A18: alpha | B18: 1 | C18: 1
A19: beta | B19: 0.25 | C19: 0.25
A20: mdmf_dim | B20: 128 | C20: 128
A21: mdmf_loss_weight | B21: 0 | C21: 0
A22: mdmf_gate_init | B22: -2 | C22: -2

Sheet Source Files
A1: 正式消融结果来源文件
A3: Dataset | B3: Model | C3: Source file
A4: HMDAD | B4: Full | C4: HMDAD_CVS1_full_hs128_do0.5_dr0.1_st0.2_results.xlsx
A5: HMDAD | B5: w/o MDMF | C5: HMDAD_CVS1_no_mdmf_hs128_do0.5_dr0.1_st0.2_results.xlsx
A6: HMDAD | B6: w/o CNN | C6: HMDAD_CVS1_no_cnn_hs128_do0.5_dr0.1_st0.2_results.xlsx
A7: HMDAD | B7: GCN | C7: HMDAD_CVS1_gcn_hs128_do0.5_dr0.1_st0.2_results.xlsx
A8: Disbiome | B8: Full | C8: Disbiome_CVS1_full_hs256_do0.1_dr0.3_st0.1_results.xlsx
A9: Disbiome | B9: w/o MDMF | C9: Disbiome_CVS1_no_mdmf_hs256_do0.1_dr0.3_st0.1_results.xlsx
A10: Disbiome | B10: w/o CNN | C10: Disbiome_CVS1_no_cnn_hs256_do0.1_dr0.3_st0.1_results.xlsx
A11: Disbiome | B11: GCN | C11: Disbiome_CVS1_gcn_hs256_do0.1_dr0.3_st0.1_results.xlsx
